{
  "jobs": [
    {
      "id": "1",
      "title": "Senior Software Engineer",
      "company": "Tech Corp",
      "seniority": "senior",
      "salaryMin": 150000,
      "salaryMax": 200000,
      "requiredSkills": ["Python", "TypeScript", "React", "System Design", "AWS", "Docker"],
      "niceToHaveSkills": ["Rust", "Kubernetes", "GraphQL"]
    },
    {
      "id": "2",
      "title": "Full Stack Developer",
      "company": "StartupXYZ",
      "seniority": "mid",
      "salaryMin": 100000,
      "salaryMax": 140000,
      "requiredSkills": ["JavaScript", "React", "Node.js", "MongoDB", "Git"],
      "niceToHaveSkills": ["TypeScript", "Docker", "AWS"]
    },
    {
      "id": "3",
      "title": "Machine Learning Engineer",
      "company": "AI Labs",
      "seniority": "senior",
      "salaryMin": 160000,
      "salaryMax": 220000,
      "requiredSkills": ["Python", "TensorFlow", "PyTorch", "Statistics", "SQL", "Data Analysis"],
      "niceToHaveSkills": ["Scala", "Spark", "AWS SageMaker"]
    },
    {
      "id": "4",
      "title": "Frontend Engineer",
      "company": "Design Studio",
      "seniority": "junior",
      "salaryMin": 70000,
      "salaryMax": 100000,
      "requiredSkills": ["JavaScript", "React", "CSS", "HTML", "Git"],
      "niceToHaveSkills": ["TypeScript", "Next.js", "Figma"]
    },
    {
      "id": "5",
      "title": "DevOps Engineer",
      "company": "Cloud Services Inc",
      "seniority": "mid",
      "salaryMin": 110000,
      "salaryMax": 150000,
      "requiredSkills": ["Docker", "Kubernetes", "AWS", "Linux", "CI/CD", "Terraform"],
      "niceToHaveSkills": ["Prometheus", "Grafana", "GitLab"]
    },
    {
      "id": "6",
      "title": "Data Engineer",
      "company": "Data Insights",
      "seniority": "mid",
      "salaryMin": 105000,
      "salaryMax": 145000,
      "requiredSkills": ["SQL", "Python", "Spark", "Hadoop", "Data Pipelines"],
      "niceToHaveSkills": ["Scala", "Kafka", "dbt"]
    },
    {
      "id": "7",
      "title": "Backend Engineer",
      "company": "Payment Systems",
      "seniority": "senior",
      "salaryMin": 140000,
      "salaryMax": 190000,
      "requiredSkills": ["Java", "Go", "PostgreSQL", "Microservices", "System Design"],
      "niceToHaveSkills": ["Rust", "gRPC", "Kafka"]
    },
    {
      "id": "8",
      "title": "Product Engineer",
      "company": "SaaS Platform",
      "seniority": "mid",
      "salaryMin": 95000,
      "salaryMax": 135000,
      "requiredSkills": ["JavaScript", "React", "Product Sense", "Analytics", "Git"],
      "niceToHaveSkills": ["TypeScript", "Node.js", "Stripe API"]
    },
    {
      "id": "9",
      "title": "QA Engineer",
      "company": "Quality First",
      "seniority": "junior",
      "salaryMin": 60000,
      "salaryMax": 85000,
      "requiredSkills": ["JavaScript", "Testing", "Selenium", "SQL", "Git"],
      "niceToHaveSkills": ["Cypress", "Python", "CI/CD"]
    },
    {
      "id": "10",
      "title": "Blockchain Developer",
      "company": "Crypto Ventures",
      "seniority": "senior",
      "salaryMin": 150000,
      "salaryMax": 250000,
      "requiredSkills": ["Solidity", "Rust", "Web3.js", "Smart Contracts"],
      "niceToHaveSkills": ["Go", "TypeScript", "DeFi Protocols"]
    }
  ]
}
